date;entreprise;description;lieu;liens vers offre;nom de contact;réponse;réponse date
02/10/2024;IMAIOS ;Développeur(se) PHP Senior ;Castelnau-le-lez, Occitanie, France ;https://www.linkedin.com/jobs/collections/top-applicant/?currentJobId=4035989704&eBP=NON_CHARGEABLE_CHANNEL&refId=ri5u0%2BgBS9ab1xldnXN%2B6g%3D%3D&trackingId=Lniy5%2F7ncaxWfeDlDjRr%2Fg%3D%3D; ;;
02/10/2024;REPAIR SOFT;Développeur PHP Symfony Vue.js;Mauguio, Occitanie,;https://www.linkedin.com/jobs/collections/top-applicant/?currentJobId=4029263429&eBP=NON_CHARGEABLE_CHANNEL&refId=ri5u0%2BgBS9ab1xldnXN%2B6g%3D%3D&trackingId=E9SqlNWbarjGxugJ3agXJg%3D%3D; ;;
02/10/2024;Développeur PHP Symfony (H/F);pole emploi 5121480;MONTPELLIER;;;;
02/10/2024;Maestria;Hello work;Nice;https://www.hellowork.com/fr-fr/emplois/56400489.html; ;;
02/10/2024;Alithya;Hello work;Valbonne ;;;NON;
02/10/2024;Idea Informatique;;;;;;
04/10/2024;France travail 5084949;DÉVELOPPEUR.SE WEB FULLSTACK F/H - Informatique de gestion (H/F);;https://www.les-colettes.fr/offre/?id=290462&t=developpeur-web-mobile-full-stack-php-javascript-hf&o=APEC_v4+CDI+CDD+V2;thierry guichard - 0689897921;;
04/10/2024;GROUPE ISIA;Spontanée;Saint-Mathieu-de-Tréviers ;;;;
08/09/2024;Saur EUROPE - Nîmes;Développeur Full Stack (F/H/X) - Nîmes (30);Nimes - saint cézaire;;Laura KRIEF 06 58 24 51 23 - relancé le 14-10-2024;NON;
08/09/2024;Atiiss;Analyste Développeur PHP Symfony H/F;;https://www.apec.fr/candidat/recherche-emploi.html/emploi/detail-offre/174913961W?xtor=AL-5110-%5Bpartenaire%5D-%5Bregionsjob%5D;MAIKA FARGEOT - Chargé d'affaires - 0499647258;;
14/10/2024;Greenkub;Developer Full Stack H/F - Aspirant CTO;castries;https://fr.indeed.com/?advn=5514226532420448&vjk=34e3b16e65072862;;;
14/10/2024;ACELYS;Développeur PHP H/F;Montpellier (34);https://fr.indeed.com/?vjk=4bd7a7fa58bc6bd5;;NON;22/10/2024
15/10/2024;GroupAgora;Développeur PHP - Symfony H/F;;https://www.hellowork.com/fr-fr/emplois/56385267.html?utm_campaign=pole_emploi&utm_content=fluxpoleemploi&utm_medium=metamoteurs-free&utm_source=pole_emploi&utm_term=56385267;;;
15/10/2024;Recrulab;Développeur PHP H/F;;https://www.linkedin.com/jobs/view/4051566044/?eBP=CwEAAAGSjx55XREWvbonXVZw0oQG285k8CEFUOS4PUMLzWf9M06YuDs3CWoS3Uk8ieYa0webcMocMRsnImJa90hMCOmEQJwuhat3oSfGXIhGTJP-mCDj7uGxT7qp1q8Owsg-PSuBRniHYzFAoD1_zomxd5DRX819ZDkRela1uQhg3DQGAtqxL1hqqQXvB5-rSOZzH0letz5dd7SjZ9W5SMAYCJJXbFRU_gCzOKLPrs5B7zCS27Imk5kTuz8YS0flIxVzF4wEI9vEpFYMkw_ddgEpKynTQXgLULO0uMyabvc9-O0c7uSvFJ2ftb1GPLoQVpzqD9tIfKY0cQRflnhM1hGkXd-nBcDQEJBMj7n2U3ybN7hNBFZ4-2khY6BLGHidbEbheqFw&refId=50b18c6a-a60c-3220-b8f1-695f3a3d92c9&trackingId=IdaUW4l4mwa%2FTBe7smOHLA%3D%3D;;;
12/10/2024;Organilog ;;;https://www.linkedin.com/jobs/collections/similar-jobs/?currentJobId=4048304262&origin=SEEKER_NEXT_BEST_ACTION&referenceJobId=4051566044;;;
16/10/2024;Naxxum Group;Développeur Symfony;Provence-Alpes-Côte d’Azur, France;;;;
16/10/2024;CGI / Jooble;Développeur PHP H/F;Montpellier;https://deref-mail.com/mail/client/samQ6PkVBOU/dereferrer/?redirectUrl=https%3A%2F%2Fcgi.njoyn.com%2Fcorp%2Fxweb%2Fxweb.asp%3Fclid%3D21001%26page%3Djobdetails%26jobid%3DJ0424-0602%26lang%3D2%26applied%3Dy&lm;;;
16/10/2024;Astek;Développeur PHP / Symfony – Montpellier, France (H/F);;https://www.linkedin.com/jobs/collections/recommended/?currentJobId=4029091484;;;
16/10/2024;Maestria;;Monaco;https://www.hellowork.com/fr-fr/emplois/56936094.html?utm_source=jobijoba&utm_medium=Metamoteurs-cpc&utm_campaign=staffing+-+informatique&utm_term=56936094&utm_content=fluxjobijoba&hcid=fb237fea-dea1-4ffd-a697-ab767d1d8ec5;Toavina CHAMAND - toa@maestria-digital.fr - 07 81 90 92 00;NON;
17/10/2024;KUBE Partners S.L. / Pixie Services;Développeur Perl;Nice (06);https://deref-mail.com/mail/client/Lj9Y2UuthPw/dereferrer/?redirectUrl=https%3A%2F%2F039tx.mjt.lu%2Flnk%2FAVsAAFKPjt0AAAAAaRYAANH0bAwAAAAAX6sAAAAAABzVDwBnESJcfFn4ADQkSHarCCy89TkfMwAQJIA%2F3%2FFdHTg_McdRKceFZ1obnWDg%2FaHR0cHM6Ly93d3cuZnJlZS13b3JrLmNvbS9mci90ZWNoLWl0L2RldmVsb3BwZXVyLXBlcmwvam9iLW1pc3Npb24vZGV2ZWxvcHBldXItcGVybC0yMT9tdG1fY2FtcGFpZ249YXBwbGljYXRpb25fYWNrbm93bGVkZ2VkJnV0bV9jYW1wYWlnbj0mdXRtX21lZGl1bT1lbWFpbCZ1dG1fc291cmNlPW1haWxqZXQmdXRtX3N1YmplY3Q9Q29uZmlybWF0aW9uJTIwZGUlMjB2b3RyZSUyMGNhbmRpZGF0dXJlJTIwRCVDMyVBOXZlbG9wcGV1ciUyMFBlcmw&lm;Julien Duchateau ;;
17/10/2024;CELAD;Développeur PHP Symfony - Framework ;Perol;https://www.hellowork.com/fr-fr/emplois/56122959.html?utm_source=jobalert&utm_medium=email&utm_campaign=jobalert&utm_content=offre_title&utm_term=56122959;;NON;
19/10/2024;MOVEWORK -;Développeur Full Stack Web et mobile;34980 Saint-Gély-du-Fesc ;https://fr.indeed.com/viewjob?jk=90978177c59c4281&from=apply-conf;;;
22/10/2024;NEXTON;Développeur PHP - Symfony - Confirmé H/F;Biot - 06;https://www.hellowork.com/fr-fr/emplois/57258655.html?utm_source=pushOffres&utm_medium=email&utm_campaign=pushOffres_connexes&utm_content=liste2title&utm_term=57258655;;;
22/10/2024;FREE;Développeur php symfony - montpellier - h/f;Montpellier;https://recrutement.iliad-free.fr/offre/124931-developpeur-php-symfony-montpellier-h-f;;;
24/10/2024;HELPLINE;Développeur - Développeuse PHP - Sophia Antipolis H/F;Biot - 06;https://www.hellowork.com/fr-fr/emplois/57449137.html?utm_source=jobalert&utm_medium=email&utm_campaign=jobalert&utm_content=offre_title&utm_term=57449137;;;
25/10/2024;ToHero;Développeur Web - PHP Symfony F/H;;https://careers.werecruit.io/fr/tohero/offres/developpeur-web---php-symfony-7fb780?utm_source=linkedin&utm_medium=job-board;;NON;28/10/2024
25/10/2024;SEEKVIEW RH;Développeur PHP - Symfony H/F;;https://www.hellowork.com/fr-fr/emplois/56298184.html?utm_source=jobalert&utm_medium=email&utm_campaign=jobalert&utm_content=offre_title&utm_term=56298184;;;
28/10/2024;Digit Value;Développeur PHP;Carros - 06;https://www.hellowork.com/fr-fr/emplois/26996311.html?utm_source=jobalert&utm_medium=email&utm_campaign=jobalert&utm_content=offre_title&utm_term=26996311;;;
28/10/2024;Digit Value;Développeur PHP;Nice - 06;https://www.hellowork.com/fr-fr/emplois/25779409.html?utm_source=jobalert&utm_medium=email&utm_campaign=jobalert&utm_content=offre_title&utm_term=25779409;;;
28/10/2024;Apside;Développeur PHP/Développeuse PHP;Nice et périphérie;https://www.linkedin.com/jobs/view/4055108570/?trackingId=3ms3rPi8TRK9s3aaSsXQHA%3D%3D&refId=fMs%2FE6RRQIOLFb0vPb3OFQ%3D%3D&midToken=AQECshw427uAyA&midSig=0SHrGpdxzv-rs1&trk=eml-email_jobs_viewed_job_reminder_01-job_card-0-jobcard_body&trkEmail=eml-email_jobs_viewed_job_reminder_01-job_card-0-jobcard_body-null-m8tq0d~m2ryuzur~y8-null-null&eid=m8tq0d-m2ryuzur-y8&otpToken=MTMwNjFhZTUxMjI5YzBjMWI3MmQwZmViNDExZGU3YjQ4YWM4ZDM0MDkxYTc4ZTZkN2JjZTAxNjg0ODVmNWRmNGYzZDdkNmU5NDNkM2ZhZGY2MWYyYzhhMmZlZWEwYjMzZjQxMDdjZWZjMTYzN2VkM2QxMGZmMWYxLDEsMQ%3D%3D;;;
28/10/2024;Domino RH;Développeur Web H/F;;https://www.hellowork.com/fr-fr/emplois/57403312.html?utm_campaign=pole_emploi&utm_content=fluxpoleemploi&utm_medium=metamoteurs-free&utm_source=pole_emploi&utm_term=57403312;;;
28/10/2024;EasyPicky;Développeur(se) full stack expérimenté(e;Montpellier;https://www.linkedin.com/jobs/view/4061078198/?eBP=CwEAAAGS0qlfZvsW0BKzqXwuFQmzsPEaKjXNVIbMckU_w5JD3FghY9RfF1USFbVnfiAOCOtVtkDzfTBHju7ubeKfp-W0T4iM0BmYEjqFqarDb-Xt485f-p0ZrhRnrIRdQj_tuSEE5XYCWIGAJUlaezZDkge41ONueISaqd5zJKgGXRzP2G3Fqd6yJuhaM4VrDPUHIzMjRLpTVrvhQqmY2fQNdl7VBLGFJErpKlqHJHOG7qOki9YimfiGzJWI93GI8EOWv53S1BNe_17ekpGJYJOjVRqVe29dTDl6BcYpOqjbuiLpNl_KquuUf9PwKNITxfAOftTwoYjGpe4Tx2kc-wX8rMEpqwc9sium6qUm3FSXa2dvqq6sWiivQcCDXpqJ7saTKg&refId=9c33220f-fc42-3b2c-8123-604b77cc3407&trackingId=MTnCaLvtstOvsknvrBld5A%3D%3D;;;
28/10/2024;Valorhiz;Développeur(se) WEB Sénior;Montpellier;https://fr.indeed.com/viewjob?jk=854655362f4c9322;;;
29/10/2024;Extia;Ingénieur perl confirmé h/f;Nice;https://www.extia-group.com/join-us/ingenieur-perl-confirme-h-f-1?utm_campaign=jobijoba&utm_medium=classic&utm_source=feed;Cyrielle - 06 98 88 17 99;;
30/10/2024;inetum;Développeur PHP H/F;Saint-Ouen, Île-de-France;https://www.linkedin.com/jobs/view/4015283304/?trackingId=PYDFgNIKQ%2BuplA4cBIgZnA%3D%3D&refId=ZFnKHd2yTE%2B3zhdW0SWxnQ%3D%3D&midToken=AQECshw427uAyA&midSig=3ftDeWGv3N1Xw1&trk=eml-jobs_jymbii_digest-job_card-0-jobcard_body&trkEmail=eml-jobs_jymbii_digest-job_card-0-jobcard_body-null-m8tq0d~m2vjgmov~yo-null-null&eid=m8tq0d-m2vjgmov-yo&otpToken=MTMwNjFhZTUxMjI5YzBjMWI3MmQwZmViNDExZGU3YjY4OGNjZDM0OTlmYWU4NjZmN2JjZTAxNjg0ODVmNWRmNGYzZDdkNmU5NjZkOGVmZjc3OThlYWRhNmFhZjYyNWJjNjdhMzkzMDRiMDRlMDZmZDUyM2NjZTUwLDEsMQ%3D%3D;;;
30/10/2024;meretis;Développeur PHP H/F;Montpellier;https://jobs.smartrecruiters.com/oneclick-ui/company/Meritis/publication/e3e01085-d10d-46c0-bd78-778715df0cad?dcr_ci=Meritis&sid=7c9c42b4-f0d3-486f-aaa4-c50960f702f4;;;
30/10/2024;Hcube;Développeur PHP (H/F);Montpellier;https://hcube-conseil.nos-recrutements.fr/job/mxqsgjxx51;;;
31/10/2024;One Id;candidature spontannée;Saint Matthieu;;;;
06/11/2024;Inetum;Développeur PHP H/F;;https://jobs.smartrecruiters.com/Inetum2/744000011307780-developpeur-php-h-f?trid=2d92f286-613b-4daf-9dfa-6340ffbecf73;;;
12/11/2024;Silkhom;Développeur PHP - Symfony - Editeur de Logiciel Cybersécurité H/F;Sophia-Antipolis - ;https://www.hellowork.com/fr-fr/emplois/53023946.html?utm_source=jobalert&utm_medium=email&utm_campaign=jobalert_connexes&utm_content=liste2title&utm_term=53023946;;;
12/11/2024;CHU;candidature spontanée;;;;;
12/11/2024;Dov Webmaster;candidature spontanée;Saint Hypollyte du fort;;;;
